{"0": {"center": [0.09482018649578094, 0.061413154006004333, -0.0018321858951821923], "scale": 0.8076171875}, "1": {"center": [-0.02385099232196808, -0.0243101567029953, 2.3755817892379127e-05], "scale": 0.8076171875}, "2": {"center": [0.02265058271586895, -0.027592012658715248, -9.545768261887133e-05], "scale": 0.8076171875}, "3": {"center": [-0.10654692351818085, -0.0161847285926342, -0.001026865909807384], "scale": 0.80712890625}, "4": {"center": [0.004504291340708733, -0.023977605625987053, -0.0003114899154752493], "scale": 0.807373046875}}